{"cameraMode":{"drawMode":0,"name":"Shaded","section":"Shading Mode"},"sceneLighting":false,"audioPlay":false,"sceneViewState":{"showFog":true,"showMaterialUpdate":true,"showSkybox":true,"showFlares":true,"showImageEffects":true,"showParticleSystems":true},"in2DMode":false,"pivot":{"x":-0.000007499009370803833,"y":-0.011007502675056458,"z":0.014236502349376679},"rotation":{"x":-0.7331189513206482,"y":0.0010201510740444065,"z":-0.001099677407182753,"w":-0.680098831653595},"size":0.344764769077301,"orthographic":false}