{"cameraMode":{"drawMode":0,"name":"Shaded","section":"Shading Mode"},"sceneLighting":true,"audioPlay":false,"sceneViewState":{"showFog":true,"showMaterialUpdate":true,"showSkybox":true,"showFlares":true,"showImageEffects":true,"showParticleSystems":true},"in2DMode":false,"pivot":{"x":0.12163113802671433,"y":0.3072614073753357,"z":-0.28640973567962649},"rotation":{"x":-0.2789284288883209,"y":0.0374399833381176,"z":-0.010883471928536892,"w":-0.9595200419425964},"size":1.4592512845993043,"orthographic":false}